Arrival Rate,Service Time,Throughput
1.440882414447533E9,0.023013333333333354,156431.05446118177