Arrival Rate,Service Time,Throughput
3.2,0.035508000000000095,101385.60324433903