Arrival Rate,Service Time,Throughput
7.05,0.03539200000000007,101717.90235081356