Arrival Rate,Service Time,Throughput
1.4408828239642675E9,0.022344102564102568,161116.33884923457