Arrival Rate,Service Time,Throughput
19.98,0.02749500000000007,130932.89689034336