Arrival Rate,Service Time,Throughput
1.4408807642457616E9,0.02840820512820481,126723.95118781281