Arrival Rate,Service Time,Throughput
1.4408822457475898E9,0.02938923076923039,122493.84913364552