Arrival Rate,Service Time,Throughput
1.4411471059599981E9,0.0312605128205126,115161.25857147625