Arrival Rate,Service Time,Throughput
8.3,0.03595700000000004,100119.58728481231