Arrival Rate,Service Time,Throughput
7.7,0.03620500000000008,99433.77986465937