Arrival Rate,Service Time,Throughput
20.05,0.029793000000000056,120833.7528949751