Arrival Rate,Service Time,Throughput
1.4414199155310616E9,0.03354051282051244,107332.884838849