Arrival Rate,Service Time,Throughput
2.0,0.037215999999999944,96732.58813413601