Arrival Rate,Service Time,Throughput
7.05,0.035105999999999984,102546.57323534442