Arrival Rate,Service Time,Throughput
19.98,0.02931300000000013,122812.4040528088