Arrival Rate,Service Time,Throughput
3.2,0.03503700000000005,102748.52298998188