Arrival Rate,Service Time,Throughput
1.4414182818144953E9,0.03136153846153818,114790.28697571848