Arrival Rate,Service Time,Throughput
1.4408826390495653E9,0.023021025641025677,156378.78416609095