Arrival Rate,Service Time,Throughput
13.27,0.03087700000000009,116591.63778864493