Arrival Rate,Service Time,Throughput
1.85,0.037354999999999944,96372.64087806198