Arrival Rate,Service Time,Throughput
1.4414189579730155E9,0.034326153846153666,104876.29974901454