Arrival Rate,Service Time,Throughput
5.9999,0.043105999999999964,83515.05590869026