Arrival Rate,Service Time,Throughput
17.5,0.0301450000000001,119422.78984906246