Arrival Rate,Service Time,Throughput
5.9999,0.043037999999999965,83647.00961940616