Arrival Rate,Service Time,Throughput
20.05,0.027423000000000097,131276.66557269398