Arrival Rate,Service Time,Throughput
17.5,0.031288000000000045,115060.08693428774