Mean,Count,Service Time
1.4780960601634967E9,0,0.071
1.4780960601634967E9,1,0.063
1.4780960601634967E9,2,0.016
1.4780960601634967E9,3,0.056
1.4780960601634967E9,4,0.023