Arrival Rate,Service Time,Throughput
1.4780960601634967E9,0.0458,78602.62008733624