Arrival Rate,Service Time,Throughput
2.943081390161972E9,0.9999999999999999,36000.00000000001