Mean,Count,Service Time
2.943081390161972E9,0,0.36
2.943081390161972E9,1,0.058
2.943081390161972E9,2,0.067
2.943081390161972E9,3,0.084
2.943081390161972E9,4,0.059
2.943081390161972E9,5,0.055
2.943081390161972E9,6,0.104
2.943081390161972E9,7,0.07
2.943081390161972E9,8,0.072
2.943081390161972E9,9,0.071