Arrival Rate,Service Time,Throughput
1.0,1.4170000000000003,25405.786873676778