Arrival Rate,Service Time,Throughput
1.0,0.9680000000000001,37190.0826446281