Arrival Rate,Service Time,Throughput
1000.0,0.11720000000000001,30716.72354948805