Arrival Rate,Service Time,Throughput
1.441147324697549E9,0.028512307692307604,126261.26369179341