Arrival Rate,Service Time,Throughput
8.04,0.03624900000000002,99313.08449888269