Arrival Rate,Service Time,Throughput
3.95,0.03556300000000004,101228.80521890719