Arrival Rate,Service Time,Throughput
1.4411441496161025E9,0.03274871794871772,109927.96742875116