Arrival Rate,Service Time,Throughput
2.15,0.04378599999999996,82218.0605673047