Arrival Rate,Service Time,Throughput
1.85,0.04450799999999989,80884.33540037766