Arrival Rate,Service Time,Throughput
13.27,0.0301850000000001,119264.53536524724