Arrival Rate,Service Time,Throughput
1.4414194379208586E9,0.032799999999999704,109756.0975609766