Arrival Rate,Service Time,Throughput
1.4408827496173043E9,0.02250512820512817,159963.5410732599