Arrival Rate,Service Time,Throughput
7.9999,0.04151799999999996,86709.37906450224