Arrival Rate,Service Time,Throughput
7.9999,0.042068999999999954,85573.70034942604