Arrival Rate,Service Time,Throughput
1.4411442179616024E9,0.029988205128204933,120047.19804367606