Arrival Rate,Service Time,Throughput
8.04,0.040091999999999975,89793.47500748283