Arrival Rate,Service Time,Throughput
3.95,0.039861000000000035,90313.84059607127