Arrival Rate,Service Time,Throughput
4.0,0.04140399999999998,86948.1209544972