Arrival Rate,Service Time,Throughput
4.0,0.04180600000000002,86112.0413337798