Arrival Rate,Service Time,Throughput
1.4411442791454208E9,0.027799487179486985,129498.791713554