Arrival Rate,Service Time,Throughput
8.3,0.03656000000000003,98468.27133479204