Arrival Rate,Service Time,Throughput
7.7,0.03647100000000001,98708.56296783742